Delta,Theta,Alpha,Beta,Gamma
367077780.3071794,159958510.3469756,81151769.34413157,135959777.33140457,59918356.815103866
